{
    "features": [
        "length_url",
        "length_hostname",
        "nb_dots",
        "nb_hyphens",
        "nb_at",
        "nb_qm",
        "nb_and",
        "nb_eq",
        "nb_underscore",
        "nb_slash",
        "nb_colon",
        "nb_www",
        "nb_com",
        "http_in_path",
        "https_token",
        "ratio_digits_url",
        "ratio_digits_host",
        "punycode",
        "port",
        "nb_subdomains",
        "prefix_suffix",
        "shortening_service"
    ],
    "coefficients": [
        0.014749443248928636,
        0.056337077476270786,
        0.7867712023772152,
        -0.5089869737601802,
        2.791743843551711,
        0.9505199398520815,
        -0.0223707071866013,
        0.10158820274500423,
        -0.5596654819339286,
        0.32692376908741866,
        0.5667144389611085,
        -1.9830163994160048,
        -0.13132350664411388,
        0.6432744966074334,
        0.5222941099387659,
        3.7959343668782672,
        5.862375600093619,
        0.016310082727136126,
        -0.807416794728792,
        -0.923217267521625,
        1.1146837567551073,
        0.07488287845797342
    ],
    "intercept": -3.1625856951484783
}